userId,username
1,Lucegt Ye
2,cooeeaeehdye
3,Bigy ho
4,Comlsfe
5,Gum3M
6,FlahlyePekh
7,Warrahtdu O
8,HelWse
9,Ecooefn
10,Gutettb eyt 
11,Fla1P
12,FreWetskOn
13,Sarerm t
14,Feaehere
15,FeaWem rsy 
16,staopo 
17,FeraeGrbrg
18,Mufne
19,Dilt_dt 2u
20,CheteP
21,Shoaly
22,movlyraa 
23,Tenos Bry aw
24,staetaoogny
25,Cryeemso 
26,Floohrc
27,Cryith w
28,Gooaoal
29,Nigbrl tw
30,Run aoop 
31,Reae buteio 
32,Pok poadiie
33,Ban crrSx uo
34,Bru roer
35,Fooiane t
36,Rasamy P
37,CraHhinne
38,Casl m
39,Cramr
40,Suneeyrh
41,Ladey u
42,Sarsea
43,Bruent i
44,Spo loehem
45,Gutrer
46,Lit l
47,Spoye
48,Banea
49,Warseitdiam
50,Snogeo m Gn
51,Drammoi uon 
52,Beanre dl
53,nigto ah
54,Cudemsyse
55,Heludtnt
56,Clechyi
57,Beadeh y 
58,Phagsv_r
59,Ferietthl
60,DetntyhrL
61,Strait hah 
62,Youetet h
63,Acc nurlc
64,Floe e
65,Pokunrilo
66,Fresek
67,nigemPseny
68,TigseseLair
69,Wico edn Ne
70,Fornber bor
71,Broa i
72,BroPGlh
73,Cramerrm_
74,Spodm_ilre
75,Cud sae
76,Phagde
77,Brugd
78,Com lnsts
79,Ecomt moalo
80,TraLlyarnoe
81,nigt voflet
82,Draeoto bI
83,Ferasaleey 
84,Thedbocbenm
85,ChaMessoaeM
86,braby aety
87,Monii
88,movtieek ue
89,Monl lup
90,Alpktetynsol
91,Fresy becw
92,Rocng
93,Compe
94,Broyc eepef 
95,Haw maietyab
96,The_eil
97,Casieked
98,You Buxetae
99,Alpaledic
100,Monss
101,Tracoehyoitb
102,Pokabasf
103,Phaeblakds 
104,Alprisr
105,Pugrs Fr
106,Diloc
107,Guml pz
108,coosaoartb
109,Romvoetavneo
110,Foodm
111,Cofvse
112,Bigrtgfyoera
113,Pokkst
114,Dradot bu
115,Rundrrn e
116,Frietgsrfrsh
117,Accntgfer
118,Madakh
119,Accei 
120,Luchttrti
121,Rocehrekero
122,Dilnf
123,Cramaylz
124,Forcmip hoym
125,Cheapdee
126,Fordt byzsr
127,Gutt sona
128,Cuddrsu busi
129,Snoyrysydm
130,Rocorldl
131,nignry
132,Gumle 
133,Cheaccns
134,staddmr Grh
135,AccLirvtt
136,Flool
137,Hawret
138,Spo brteeh
139,starelfsemr
140,Cowen
141,Oddy fo lver
142,CryrYwal
143,Chem fc
144,Ladrnr 
145,Comue
146,Cofdatevetn
147,Alpdkot
148,Ladrn
149,ChageSfoeei
150,CasnssPtbr
151,Roceaen
152,Frern B
153,Fooen
154,Hawnty
155,Cometnns
156,Swedrre
157,Supset Gcve
158,Crysseys 
159,Toxnarlla
160,Cor m
161,Guto lly g
162,Rom moc
163,Darila
164,Cudaem
165,Frer po o
166,Disn mle
167,Frikr lc
168,Sweeaa euot
169,Nigko rn_rti
170,Nigpeyaha
171,Supye uog
172,Disfs
173,Cow xnsstot
174,Alpns baad
175,Chaiert
176,Runtt_eoro 
177,Mufrsesyo hu
178,FlaCeay_ha
179,Floy d
180,Cow eos
181,Forermaati
182,Youstel
183,Helyeg Pee
184,Snodnt wo
185,Beaemr yrtt 
186,Frih sip
187,Alpv 
188,Mufiemy 2he
189,Goohecul hn
190,staeoa
191,Crartsfkt
192,Ecoytenimt 
193,Clekei
194,Ladlsynti
195,Snomersr
196,Supafeos 
197,braItde
198,Youet
199,Littm
200,Sarelhehter
201,Sunvei g
202,Caslayahnumb
203,Swe w
204,Spoe 
205,Runtet
206,Mony iu
207,Swetnai
208,Ladaoibye
209,Romchtal
210,Beaer Olhm d
211,Beaueflwtttr
212,Tig tynniy
213,Chipa lob 
214,Youevyln 
215,coode
216,Crari 
217,Cheimi
218,Frencbmov b
219,Rocleb r
220,Gumbdnn 
221,Flohferrse
222,Brudryrtk
223,mov hrnnl 
224,Sunao liayn
225,Mufte
226,Funngfi
227,MonoiBwc 
228,Kilhoa
229,Coro P
230,Theha renst 
231,Beaooss foos
232,Kileei
233,Gooey loevst
234,Floskt
235,CowoeooGs
236,Puginoteics
237,Rocsri
238,Moum rlf
239,braadrage
240,Rociieat
241,Phabey Iiew
242,Frehaeui
243,Alpetssuf
244,Pugnefy
245,Secealalae
246,Roc eoewr
247,Toxi ripsydl
248,Ladef
249,Romee
250,Dremtyeh
251,Crys_
252,Goo zru
253,Nig aearaw
254,movlttt
255,Snomeyweleti
256,Sunrsee
257,Bravytt
258,Shoyrfe
259,Flaia be l
260,Mufrryt fsd
261,starobr
262,BraOeiaga
263,Cofcvcdo ylw
264,Accor
265,Snoadoec
266,Cordv 
267,Clentnb_m 
268,Goolwel Goo
269,Wartsstearal
270,Frioir
271,Flaieoy
272,Snohlht
273,Spokkt
274,Thesftb
275,Cratepeo
276,ComoylWeeht
277,Bro er_ enre
278,funkdtsdhb
279,DetpiGe
280,Wic e
281,Funkkyyert_
282,Banuon ha
283,Chidwt
284,Cuds rO
285,HelSpctesre
286,Funvielaur
287,Toxaorwt
288,Bluie fn
289,Foo p
290,Dral 1w
291,Snoeew
292,LucePed
293,Fredodrre
294,Traa ri
295,Flor_a
296,funftre
297,Cof g
298,Romdssv
299,BracmerGGr
300,Fredotaem
301,Ferwt_
302,movYmgr
303,Cofn_Bgad
304,Sposl_trwa
305,Craha3loItia
306,Blu foe uk
307,BroGleeti
308,Caseybhe 
309,Crahe
310,Feaee oua
311,Gooctiedse
312,Rocs coyt 
313,Pugbtkaer lr
314,Shore
315,Dis Ba
316,Mufy 1ees
317,Supiw
318,Banan or
319,Youy Bramrmb
320,Sarirn Bc
321,Cow_Oleagycb
322,Ecoi sense
323,Rocmtenekr
324,Gutcyn hos
325,Secy fu
326,Floadethb
327,Banlkil lua
328,Poktev g
329,Flatte ayWa
330,Oddimnne
331,Feazee o
332,Ladeeooi
333,Wics_bemr
334,Teneegtmild
335,Montreiest
336,Frie_ 
337,movadoata_aa
338,movtn
339,Sno 2ur wc
340,Chiiytrkdek 
341,Banol
342,Lityltar_s
343,Gumcpe
344,Form_
345,Banse eci
346,You reeb
347,LadIea
348,Oddn ougt ua
349,Bradet 
350,Ferscn ponr 
351,Chiesosdn
352,Cleltrr r
353,Chatne
354,Pokar
355,Swelis 
356,Ecooks bre
357,Chinyrt
358,Cori mnnsyct
359,Gumnet fo
360,Rocariere
361,Disgre_eebre
362,Pokategabo
363,Oddwre sie
364,fundr
365,Feauer 1r
366,Foox torhh
367,Pug nakraet
368,Cleseee bFn
369,Runlfy
370,coo uon
371,Reatdkrp be
372,Alpr Poe
373,Sarbnsrt
374,AlpCmiGmtk
375,Phainsn
376,Swetoenfrt
377,Crakthsn
378,SecmLeaaa
379,Warab laoc
380,Darrrehtauo
381,Hawrry
382,Cofewy
383,Runpeteln
384,Warnp
385,Tigavvsere
386,Ecobno
387,bra heracly
388,Reacs roes
389,Braene
390,Kilenmmowne
391,Brosyste br
392,Madinria
393,Kilh 
394,Mufist Boids
395,Nigaakneyar
396,Thenb eat
397,RomhopaColv
398,Goonemra
399,Coruyebnrall
400,coors aecaa
401,ToxrbWharea
402,Secm luedalo
403,Sunwd
404,Cryemsekirt
405,Rasly bbfo 
406,Ladrevd dako
407,Swedpiant 
408,Funnri
409,Cowok 
410,Rasg_lyhceet
411,Alperle
412,Gumzw hoe
413,Drekdeidyets
414,FeaOw
415,Wartyrskve
416,Bigrd
417,FreCaeyy bo
418,Strry wol
419,Gumyedlts 
420,Sareaeb
421,Suns Bo3tlr
422,Disue teor
423,Hawobhee bce
424,Clen 
425,movfbymnr
426,Bran sas Gry
427,staae
428,BrorseyGnyy 
429,brane
430,Rom B
431,Craoest
432,Traanlet
433,Madot
434,Ras le
435,Pugavya 
436,Casamlkyk_w
437,Feraf 
438,Econo_oesm 
439,Flauiapno 
440,Tenonaln
441,Rocterr
442,Cryolzbrdk
443,Alpttt
444,Litilerte
445,Floblr
446,Casy ha 
447,Cryimw cc
448,Acc pod
449,fun baosr ga
450,Theeaiclm 
451,Mufn habs
452,Striin ho
453,SunIlamt fo
454,Bron e
455,Cow p
456,Sare 
457,Draak
458,Roc yurk
459,LitraW_
460,Flarh
461,Tennc
462,Blusyte
463,RocseFyn
464,starngde
465,stazilense
466,Mona lydhc
467,Muflt
468,Chaeafm
469,Disvf
470,Toxanrmt mn 
471,movseodtye
472,PhaPmea el
473,Sunaavylst r
474,LitRre
475,Secsidtoivak
476,cooegh sl
477,coomrsntnae
478,You krab
479,Bluevaea
480,funead pi
481,Alp laa
482,Pugti nelin
483,Cryye ooicfa
484,Spoyelraelat
485,Ecormth
486,CudbereWoO
487,Cha2na Sre r
488,Ecoaat_dnaay
489,Cleinbk
490,Feassgn
491,YouneS
492,Ladeetnemil
493,Sarcoev
494,Crareeeeu
495,HawsniGBfega
496,Cofsnevt ri
497,Coweme
498,Bluae bab_rh
499,Chehhe_ielre
500,Braaaoa
501,Cowiari
502,Cleaob
503,coogr peieY
504,Moneo u u
505,HelnhtyhrYmr
506,Flolene s
507,Dil oRfenipa
508,nigi thn
509,Wicntfr 
510,Bluemte
511,Bluio loieg
512,Litaa
513,Craor_ttAh
514,Sunesor
515,Themzs dorei
516,FertehGlye
517,Bruwr
518,Brakahf 
519,Cudrfnoine
520,ForLtn Ga
521,Clehaonits
522,Comeam pesta
523,Wartrs hr ke
524,movnt
525,Mondo hr
526,Dranrmeer t
527,Mufrnyt
528,fun okfyyn
529,Beaoen l
530,FunOu
531,Wictt ro
532,Drens hewyr
533,Chatawe
534,Tra_rt
535,Toxllfl
536,Lucse 
537,Cryeytsr
538,BanoreSto
539,GumGrotetyr
540,Phatigeei
541,Cryee_nem
542,Hawirtaeit
543,Kilsy po
544,Craarnyenkcr
545,Ecotsasray P
546,Rocyypsy
547,cooyynzeevi
548,Eco mornseh
549,Dracyofepee
550,DetWdbtscle
551,Darenes
552,SunShchkm
553,Romktrtmrmn
554,Flodtldae fn
555,Craftn
556,Floxr bciep
557,Rascreeaoaa
558,Toxt huyye
559,Spoy 
560,Fri  d
561,movsmi
562,YouGk
563,Fooyrttycta
564,Pug ginfeh
565,coorey
566,Secfri
567,coon ker
568,Roc_r mo
569,Supehse
570,Pugauo rbs
571,Strteon
572,Bandlle
573,Cryf 
574,Bruaoefli
575,Cry rid_
576,Tennr
577,Sups s
578,Freo la
579,Lucbieaeym
580,Sweeal d
581,Secfrn_
582,NigwSr Gotr
583,stal asinkx 
584,Mufbym
585,Tra u
586,Supyehtoee
587,Cracii
588,FlonttdykPcu
589,Cleaud
590,Funnrkse
591,Kilet
592,Casce Bn
593,Dilcs
594,Sweslrknar
595,nigai
596,Baniveder
597,Lad khml
598,FrineFm
599,Lucualmtehn
600,Moucrtitec 
601,Bigaaettdew
602,Feaymt lut b
603,Luczaer
604,Dradrdey
605,Sarahen
606,Dreiee_e
607,Sun_syran 2
608,Rocmslrei
609,Bru s
610,staec
611,Comkrt y
612,Pokoteapcoe
613,Fretnarhsyo
614,Cudhtc
615,Diloleiwdn O
616,coorntnz
617,DraecenGlirs
618,Cofre uigt
619,Roc fBn
620,Runralvtar h
621,Bru rn
622,stae 
623,Swe hhwdtan
624,nignLtorefye
625,Crahrezdte 
626,Mou paeet 
627,nigernehdsh
628,CraBh
629,Poketneheiec
630,Chehlib 
631,Mon reryne
632,Moumabovte
633,starb nn
634,Youte
635,Funrtk
636,Rasoy
637,Poke 
638,Str paeceary
639,Disaetsee
640,Swenms
641,Bru phneOlc
642,Funkr uaae
643,stayt 
644,FrewrsL
645,Bigia2aoer g
646,Hawm su
647,Banhfhle ru 
648,KilroSr
649,Accos
650,Pok_Yenv
651,Footer n
652,moveheey
653,Helnnsr 
654,Romtdfnyi
655,Raslakalnres
656,Warrer pny
657,Dillyee
658,Feam fafakan
659,You miu n
660,Crakssrr
661,Dilboetrl 
662,Flaavyfnrme
663,Mou  3ec
664,Swemarer ts
665,Cralteneors
666,Detated
667,Freni so
668,Goohtk maer 
669,Corhtewist
670,Big1huitm
671,Cheeoiaot 
